Date,Stock,Sector,Weight,Stock_Return,Weighted_Return,Portfolio_Return,NAV,Portfolio_Value,Holding_Value,Is_Rebalance,Expected_Sharpe,Solver
2026-10-09,PM,ConsumerStaples,0.1572552047392054,0.003441408685318059,0.0005411794274009711,-0.0026739082381832266,1.4567246746158022,145672.46746158024,22907.753695536037,True,0.42416044686035487,scipy_fallback
2026-10-09,VLO,Energy,0.1560365822766594,-0.022645308853989965,-0.0035334965981759685,-0.0026739082381832266,1.4567246746158022,145672.46746158024,22730.233954512853,True,0.42416044686035487,scipy_fallback
2026-10-09,PSX,Energy,0.1379234003289172,-0.01214493378411785,-0.0016750705642750775,-0.0026739082381832266,1.4567246746158022,145672.46746158024,20091.642046604695,True,0.42416044686035487,scipy_fallback
2026-10-09,KO,ConsumerStaples,0.13615799790844738,0.0031902292286749567,0.00043437522464539243,-0.0026739082381832266,1.4567246746158022,145672.46746158024,19834.47151995221,True,0.42416044686035487,scipy_fallback
2026-10-09,ABBV,Healthcare,0.10247195212142557,0.014866704329133729,0.0015234202142183817,-0.0026739082381832266,1.4567246746158022,145672.46746158024,14927.342111132974,True,0.42416044686035487,scipy_fallback
2026-10-09,TRV,Financials,0.08913246122120409,-0.004105082936159188,-0.00036589614561703546,-0.0026739082381832266,1.4567246746158022,145672.46746158024,12984.145557016416,True,0.42416044686035487,scipy_fallback
2026-10-09,MRK,Healthcare,0.07102240140414093,0.022615543687847017,0.0016062102217711564,-0.0026739082381832266,1.4567246746158022,145672.46746158024,10346.00845758801,True,0.42416044686035487,scipy_fallback
2026-10-09,JPM,Financials,0.050000000000000024,0.004737121305388392,0.00023685606526941972,-0.0026739082381832266,1.4567246746158022,145672.46746158024,7283.623373079015,True,0.42416044686035487,scipy_fallback
2026-10-09,MU,Technology,0.05,-0.006603303643430758,-0.00033016518217153794,-0.0026739082381832266,1.4567246746158022,145672.46746158024,7283.623373079012,True,0.42416044686035487,scipy_fallback
2026-10-09,INTC,Technology,0.05,-0.0222264180249786,-0.0011113209012489301,-0.0026739082381832266,1.4567246746158022,145672.46746158024,7283.623373079012,True,0.42416044686035487,scipy_fallback
