Date,Portfolio_Return,Portfolio_Value,NAV,Holdings,Total_Weight,Cumulative_Return,Wealth_Gain_$
2026-04-21,0.0002499700963853813,100024.99700963854,1.0002499700963854,10,1.0,0.0,24.997009638536838
2026-04-22,0.00663269598453181,100688.43240565716,1.0068843240565717,10,1.0,0.006632695984531756,688.432405657164
2026-04-23,0.011439312141457,101840.23881297947,1.0184023881297948,10,1.0,0.01814788160569525,1840.2388129794708
2026-04-24,0.017160315958951667,103587.8494883453,1.035878494883453,10,1.0,0.03561962094698634,3587.849488345295
2026-04-27,0.0021958350960311086,103815.31132377419,1.038153113237742,10,1.0,0.037893670856800066,3815.3113237741927
2026-04-28,0.014894458776611694,105361.58419866726,1.0536158419866726,10,1.0,0.05335253535188289,5361.58419866726
2026-04-29,0.01867013087692959,107328.698765057,1.07328698765057,10,1.0,0.073018765046448,7328.698765056994
2026-04-30,0.019630584813816822,109435.62388912102,1.0943562388912103,10,1.0,0.0940827509205091,9435.623889121023
2026-05-01,0.0015152437027148706,109601.4455290717,1.096014455290717,10,1.0,0.09574055291909045,9601.445529071701
2026-05-04,-0.004670739473717865,109089.52573106252,1.0908952573106252,10,0.9999999999999999,0.09062263426561779,9089.525731062517
2026-05-05,0.018277582277445192,111083.4185132195,1.110834185132195,10,1.0,0.11055657919705175,11083.418513219498
2026-05-06,0.00043270170287992664,111131.4844975719,1.111314844975719,10,1.0,0.111037118920015,11131.484497571902
2026-05-07,-0.010720791051557784,109940.06707302402,1.0994006707302402,10,1.0,0.09912592211754867,9940.067073024024
2026-05-08,0.03644871520892974,113947.24126781929,1.139472412678193,10,0.9999999999999999,0.13918764983156362,13947.241267819292
2026-05-11,0.008663501081682963,114934.42331579785,1.1493442331579784,10,1.0,0.1490570032681191,14934.423315797845
2026-05-12,0.011567057733805215,116263.8764258933,1.1626387642589329,10,0.9999999999999999,0.16234821196435467,16263.876425893293
2026-05-13,0.009286928031649818,117343.61067894119,1.173436106789412,10,1.0000000000000002,0.17314285615658465,17343.610678941186
2026-05-14,0.003978264865109969,117810.43464245036,1.1781043464245036,10,0.9999999999999999,0.1778099291629871,17810.43464245036
2026-05-15,-0.0022815568722539003,117541.64343566864,1.1754164343566864,10,1.0,0.17512268882489623,17541.643435668637
2026-05-18,0.004639474866695808,118086.97493617855,1.1808697493617855,10,1.0,0.18057464100498333,18086.97493617855
2026-05-19,0.005092145497182099,118688.29099387568,1.1868829099387568,10,0.9999999999999999,0.1865862988472644,18688.29099387568
2026-05-20,0.0003793870380458444,118733.31979304655,1.1873331979304655,10,1.0,0.18703647430856973,18733.319793046554
2026-05-21,-0.00860211981065151,117711.96155067037,1.1771196155067036,10,1.0,0.1768254443369539,17711.96155067037
2026-05-22,0.018445219541993806,119883.1845241912,1.198831845241912,10,1.0,0.1985322480203533,19883.184524191194
2026-05-26,-0.008553120945728729,118857.8091475967,1.188578091475967,10,1.0,0.1882810567456792,18857.809147596694
2026-05-27,-0.006120070219969751,118130.39100942164,1.1813039100942164,10,1.0,0.18100869323733582,18130.39100942164
2026-05-28,0.010798355700594443,119406.00499059168,1.1940600499059169,10,1.0,0.1937616451924069,19406.004990591682
2026-05-29,-0.012390517160993689,117926.50283663007,1.1792650283663006,10,1.0,0.17897032104151434,17926.50283663007
2026-06-01,0.0140691232185984,119585.62533577699,1.19585625335777,10,1.0,0.19555739975931785,19585.62533577699
2026-06-02,0.00993407942376659,120773.5984358034,1.207735984358034,10,1.0,0.20743416192419883,20773.598435803404
2026-06-03,0.0048742534201421115,121362.27956104197,1.2136227956104197,10,1.0,0.21331950201755423,21362.27956104197
2026-06-04,0.010803625552978043,122673.43218567531,1.226734321856753,10,1.0,0.2264277515934774,22673.43218567531
2026-06-05,-0.026470061833586342,119426.2588503822,1.194262588503822,10,1.0000000000000002,0.19396413317437178,19426.258850382204
2026-06-08,0.009883885159584344,120606.65427789818,1.2060665427789818,10,1.0,0.20576513755133008,20606.654277898182
2026-06-09,-0.00023441743372717324,120578.38197551193,1.2057838197551194,10,1.0000000000000002,0.20548248518210754,20578.381975511933
2026-06-10,0.0009170110595159022,120688.953685322,1.20688953685322,10,1.0,0.20658792595307207,20688.953685322005
2026-06-11,0.011906996285986881,122125.99660861277,1.2212599660861276,10,1.0,0.2209547639061118,22125.996608612768
2026-06-12,0.01798883334352896,124322.90080851749,1.243229008085175,10,1.0,0.24291831567400668,24322.900808517486
2026-06-15,-0.0015533362724891842,124129.78553719055,1.2412978553719054,10,1.0,0.2409876455705291,24129.785537190546
2026-06-16,-0.014624483276210786,122314.45156452226,1.2231445156452225,10,1.0,0.22283884250189856,22314.451564522256
2026-06-17,-0.006358537170275961,121536.71057778732,1.2153671057778732,10,1.0,0.21506337626859295,21536.710577787322
2026-06-18,0.0028743868164441974,121886.05409638611,1.218860540963861,10,1.0000000000000002,0.21855593841848364,21886.054096386113
2026-06-22,0.014212239013224878,123618.32782958279,1.236183278295828,10,1.0,0.2358743466662716,23618.32782958279
2026-06-23,-0.0033585147914292567,123203.15384707539,1.2320315384707539,10,1.0000000000000002,0.23172364439264492,23203.153847075388
2026-06-24,-0.004521601471783509,122646.07828531209,1.2264607828531209,10,1.0000000000000002,0.22615428094932866,22646.07828531209
2026-06-25,0.014528188292432893,124427.90360396956,1.2442790360396956,10,0.9999999999999999,0.24396808121853297,24427.903603969564
2026-06-26,-0.0012080697566496492,124277.58601674228,1.2427758601674228,10,1.0,0.24246528100137543,24277.58601674228
2026-06-29,0.011108715156048147,125658.15032008354,1.2565815032008354,10,0.9999999999999998,0.25626747389929894,25658.150320083543
2026-06-30,0.0015473855943741476,125852.59193170455,1.2585259193170455,10,1.0,0.25821140409109167,25852.59193170455
2026-07-01,-0.002298228489471193,125563.35391945332,1.2556335391945332,10,1.0,0.2553197467964321,25563.353919453322
2026-07-02,0.0024176873929517943,125866.92685724112,1.2586692685724112,10,1.0,0.25835471752238526,25866.926857241124
2026-07-06,0.0026534093504503088,126200.90333787657,1.2620090333787657,10,1.0,0.2616936476960423,26200.903337876574
2026-07-07,-0.0011548690000247226,126055.15782683654,1.2605515782683654,10,0.9999999999999999,0.26023655681478997,26055.15782683654
2026-07-08,-0.004482783174059256,125490.07988632702,1.25490079886327,10,1.0,0.2545871895825662,25490.079886327017
2026-07-09,0.0049864917425127995,126115.83513344746,1.2611583513344746,10,0.9999999999999999,0.2608431782436822,26115.835133447457
2026-07-10,0.000393956156531186,126165.51924313435,1.2616551924313435,10,1.0,0.2613398951761716,26165.519243134346
2026-07-13,0.008678270246379823,127260.41771490111,1.272604177149011,10,1.0,0.2722861436590509,27260.41771490111
2026-07-14,0.00031283456373470026,127300.22917215765,1.2730022917215764,10,0.9999999999999999,0.27268415873974816,27300.229172157648
2026-07-15,-0.00610682663037278,126522.82874259655,1.2652282874259655,10,0.9999999999999999,0.2649120972271026,26522.828742596554
2026-07-16,-0.0009177582387755717,126406.71137412485,1.2640671137412485,10,1.0,0.2637512137285456,26406.711374124847
2026-07-17,0.0294275543074956,130126.55173791882,1.3012655173791883,10,0.9999999999999998,0.3009403212017059,30126.551737918824
2026-07-20,2.2887562626233552e-05,130129.53001752107,1.3012953001752108,10,0.9999999999999998,0.3009700965547806,30129.530017521072
2026-07-21,0.01466603852599415,132038.01471812758,1.3203801471812757,10,1.0,0.3200501741120194,32038.014718127582
2026-07-22,0.00012168504535543367,132054.08176993718,1.3205408176993718,10,0.9999999999999999,0.3202108044773275,32054.081769937184
2026-07-23,-0.002219479754750343,131760.99040891667,1.3176099040891667,10,1.0,0.31728062332478757,31760.990408916667
2026-07-24,0.0007014064860681843,131853.40842220027,1.3185340842220026,10,1.0,0.31820457249795964,31853.40842220027
2026-07-27,-0.003634277439818712,131374.21655460825,1.3137421655460826,10,0.9999999999999999,0.3134138513590645,31374.216554608254
2026-07-28,0.006679760568469994,132251.76486606337,1.3225176486606338,10,1.0,0.32218714141345517,32251.76486606337
2026-07-29,-0.024326750069892922,129034.50923586442,1.2903450923586441,10,1.0,0.29002262527866396,29034.509235864418
2026-07-30,0.008888649678037644,130181.45178483953,1.3018145178483953,10,0.9999999999999999,0.3014891844715084,30181.451784839534
2026-07-31,-0.009382681048558605,128960.00074430407,1.2896000074430407,10,1.0,0.2892777265654636,28960.000744304067
2026-08-03,-0.0029420199965142888,128580.59784336382,1.2858059784336382,10,1.0,0.2854846457128475,28580.597843363823
2026-08-04,0.0075420674190633434,129550.36138108194,1.2955036138108194,10,1.0,0.2951798575769844,29550.361381081937
2026-08-05,-0.002842999027407529,129182.04982967523,1.2918204982967523,10,1.0,0.29149766250157527,29182.049829675234
2026-08-06,0.0002959229161961448,129220.27775858101,1.29220277758581,10,1.0,0.29187984625612295,29220.27775858101
2026-08-07,0.0028320177811786366,129586.23188288216,1.2958623188288216,10,1.0,0.29553847295186686,29586.23188288216
2026-08-10,-0.0013889223776586328,129406.24666558356,1.2940624666558356,10,1.0,0.2937390705756662,29406.24666558356
2026-08-11,0.0049862042989888035,130051.4926490235,1.300514926490235,10,1.0,0.30018991789114047,30051.492649023494
2026-08-12,0.008087237132191174,131103.24990947155,1.3110324990947155,10,1.0,0.31070486207401005,31103.249909471546
2026-08-13,0.009298746506799176,132322.34579659725,1.3232234579659725,10,1.0,0.3228927743316652,32322.34579659725
2026-08-14,0.0009101762058089616,132442.78244723816,1.3244278244723815,10,1.0,0.32409683985769866,32442.78244723816
2026-08-17,-0.004300399666201877,131873.2255498112,1.318732255498112,10,1.0,0.3184026942495557,31873.225549811206
2026-08-18,0.004819717258777767,132508.81721096433,1.3250881721096432,10,1.0,0.32475702246904947,32508.817210964335
2026-08-19,-0.007218416021356126,131552.31344183776,1.3155231344183775,10,0.9999999999999999,0.3151943751536548,31552.31344183776
2026-08-20,-0.0022771348230126156,131252.75108785147,1.3125275108785148,10,1.0,0.3121995002429623,31252.751087851473
2026-08-21,0.004223064939753432,131807.03997921676,1.3180703997921677,10,0.9999999999999999,0.31774100394640015,31807.03997921676
2026-08-24,0.0036354426235194063,132286.21691043713,1.3228621691043714,10,1.0,0.32253157575890623,32286.216910437128
2026-08-25,-0.0011825211224745643,132129.78566472832,1.321297856647283,10,1.0,0.32096765423543183,32129.78566472832
2026-08-26,-0.0004361195828774386,132072.1612777185,1.320721612777185,10,0.9999999999999999,0.320391554373072,32072.161277718493
2026-08-27,-0.0073803904180368505,131097.417164135,1.31097417164135,10,1.0,0.3106465491971202,31097.417164134997
2026-08-28,0.0032905387560558073,131528.7982961324,1.315287982961324,10,1.0,0.31495928246274385,31528.798296132387
2026-08-31,-0.004067494334706469,130993.80565421212,1.3099380565421213,10,0.9999999999999999,0.309610693030957,30993.80565421212
2026-09-01,-0.0001853186503629168,130969.53005894239,1.3096953005894238,10,1.0,0.3093679977448236,30969.530058942386
2026-09-02,0.00722131522882578,131915.30232086917,1.3191530232086919,10,1.0,0.3188233568070755,31915.302320869174
2026-09-03,0.008450526016276948,133030.05601507673,1.3303005601507674,10,1.0,0.3299681078946475,33030.05601507673
2026-09-04,-0.0019855571728891385,132765.91723314615,1.3276591723314615,10,1.0,0.32732738017830343,32765.917233146145
2026-09-08,0.001166596467117483,132920.80148314394,1.3292080148314394,10,1.0,0.32887583561072753,32920.801483143936
2026-09-09,0.0037371329377000086,133417.5441884721,1.334175441884721,10,1.0,0.3338420212661022,33417.54418847209
2026-09-10,-0.0076322561302746336,132399.26731895344,1.3239926731895344,10,0.9999999999999999,0.323661797322476,32399.26731895344
2026-09-11,0.008828371639071964,133568.137255586,1.33568137255586,10,1.0,0.335347575593681,33568.137255586014
2026-09-14,-0.00016628869517442085,133545.9263843249,1.335459263843249,10,1.0,0.3351255223877312,33545.92638432491
2026-09-15,0.014641943424451196,135501.2982830101,1.355012982830101,10,1.0,0.3546743547510731,35501.29828301011
2026-09-16,-0.0009223687643817608,135376.31611794067,1.3537631611794068,10,0.9999999999999999,0.3534248454403417,35376.316117940674
2026-09-17,0.016411198817122517,137598.00375688184,1.3759800375688183,10,1.0,0.3756361696628965,37598.00375688184
2026-09-18,0.0020683091456443503,137882.5989664746,1.378825989664746,10,0.9999999999999999,0.37848141053368933,37882.59896647459
2026-09-21,-0.01242230465589643,136169.77931536624,1.3616977931536625,10,1.0,0.3613574944895499,36169.779315366235
2026-09-22,-0.008896875313906632,134958.29376727526,1.3495829376727526,10,1.0,0.34924566660342427,34958.29376727526
2026-09-23,-0.00602249948647785,134145.5075123659,1.3414550751236591,10,1.0,0.34111983526917244,34145.507512365904
2026-09-24,0.003670339238374638,134637.8670322402,1.346378670322402,10,0.9999999999999999,0.3460422000239234,34637.8670322402
2026-09-25,0.0011522120023905338,134792.99839861103,1.3479299839861103,10,0.9999999999999999,0.34759312600251513,34792.99839861103
2026-09-28,-0.00567751847100719,134027.70866044046,1.3402770866044047,10,1.0,0.3399421411382335,34027.70866044046
2026-09-29,-0.002015257498758116,133757.60831552115,1.3375760831552115,10,1.0,0.33724181269040265,33757.60831552115
2026-09-30,-0.004750847006651704,133122.14638243846,1.3312214638243847,10,0.9999999999999999,0.33088878142741307,33122.146382438455
2026-10-01,0.018595034008906882,135597.5572217586,1.355975572217586,10,1.0,0.35563670358012844,35597.55722175859
2026-10-02,0.002212408523191073,135897.55441307992,1.3589755441307991,10,1.0,0.3586359257774798,35897.554413079924
2026-10-05,0.0,135897.55441307992,1.3589755441307991,10,1.0,0.3586359257774798,35897.554413079924
